{
  "mean": [
    0.263823584473778,
    0.00517769936050347,
    1.0113121780063008,
    -3.4959409051724744,
    0.5261090663981546,
    -2.8914825346797834
  ],
  "scale": [
    0.283506353750272,
    0.16597759120777036,
    0.518122517251978,
    27.082670777385815,
    34.936444169664284,
    30.34864479545001
  ],
  "feature_order": [
    "accX",
    "accY",
    "accZ",
    "gyroX",
    "gyroY",
    "gyroZ"
  ]
}